{
    "0": {
        "precision": 0.8891975308641975,
        "recall": 0.3247660917596663,
        "f1-score": 0.4757658327140616,
        "support": 26613.0
    },
    "1": {
        "precision": 0.648584167709637,
        "recall": 0.9685483164442368,
        "f1-score": 0.7769123554972535,
        "support": 34243.0
    },
    "accuracy": 0.6870152491126594,
    "macro avg": {
        "precision": 0.7688908492869173,
        "recall": 0.6466572041019516,
        "f1-score": 0.6263390941056575,
        "support": 60856.0
    },
    "weighted avg": {
        "precision": 0.7538070452177268,
        "recall": 0.6870152491126594,
        "f1-score": 0.6452176596442712,
        "support": 60856.0
    }
}