{
    "0": {
        "precision": 0.8629735234215886,
        "recall": 0.3980385525870815,
        "f1-score": 0.5447953096070768,
        "support": 26613.0
    },
    "1": {
        "precision": 0.6702414524196703,
        "recall": 0.9508804719212686,
        "f1-score": 0.7862696802859075,
        "support": 34243.0
    },
    "accuracy": 0.7091166031286973,
    "macro avg": {
        "precision": 0.7666074879206295,
        "recall": 0.674459512254175,
        "f1-score": 0.6655324949464921,
        "support": 60856.0
    },
    "weighted avg": {
        "precision": 0.7545253127715509,
        "recall": 0.7091166031286973,
        "f1-score": 0.6806702746911311,
        "support": 60856.0
    }
}